token,start_date,price_round_uf,amount_round_uf,price_round_spot,amount_round_spot,vol_24h,qv_24h,change_percent_24h,cmc_rank,coin_name,market_cap,fully_market_cap,max_supply,total_supply,circulating_supply,locked_supply,released,released_all,avg_zf
BTC,1569398400000,0.1,0.001,0.01,1e-05,72334.110,4484801299.37,-0.287,1,Bitcoin,1223861522409.4329,1300424839882.41,21000000.0,19763612.0,19763612.0,0.0,1.0,0.941,1.66
ETH,1569398400000,0.01,0.001,0.01,0.0001,1079311.260,2600615206.45,-0.582,2,Ethereum,290023546475.5421,290023546475.54,120377344.45751098,120377344.45751098,120377344.45751098,0.0,1.0,1.0,2.02
BCH,1569398400000,0.01,0.001,0.1,0.001,112125.267,36106601.64,-1.053,15,Bitcoin Cash,6354722150.52494,6749996736.18,21000000.0,19770256.25,19770256.25,0.0,1.0,0.941,2.33
XRP,1569398400000,0.0001,0.1,0.0001,1.0,444522842.7,235889274.9101,-0.581,7,XRP,30012062940.145443,53058556253.39,100000000000.0,99987161962.0,56564039920.0,43423122042.0,0.566,0.566,2.33
EOS,1569398400000,0.001,0.1,0.0001,0.1,32237911.6,15241003.877,-1.468,89,EOS,713833788.8323319,986814941.03,2100000000.0,2100000000.0,1519080117.4733,580919882.5267,0.723,0.723,2.32
LTC,1569398400000,0.01,0.001,0.01,0.001,745403.626,48934052.02,1.423,20,Litecoin,4973250198.822475,5566252420.09,84000000.0,84000000.0,75051037.06643775,8948962.933562249,0.893,0.893,1.92
TRX,1569398400000,1e-05,1.0,0.0001,0.1,275033840,42422546.94307,-1.855,9,TRON,13285095933.458103,13285101788.53,86585015568.81029,86585015568.81029,86584977408.66075,38160.14953613281,1.0,1.0,0.96
ETC,1569398400000,0.001,0.01,0.01,0.01,1587180.34,29491064.201,-1.478,32,Ethereum Classic,2760107109.769747,3902495093.25,210700000.0,210700000.0,149021216.97315547,61678783.02684453,0.707,0.707,1.92
LINK,1569398400000,0.001,0.01,0.01,0.01,6630806.15,74428613.234,0.62,14,Chainlink,7020918758.650868,11200317603.24,1000000000.0,1000000000.0,626849970.4527867,373150029.5472133,0.627,0.627,2.4
XLM,1569398400000,1e-05,1.0,0.0001,1.0,135520420,12439374.70288,0.033,33,Stellar,2732789562.909162,4604058873.91,50001806812.0,50001786931.80266,29679119994.912956,20322666936.8897,0.594,0.594,1.75
ADA,1569398400000,0.0001,1.0,0.0001,0.1,219090595,76904797.68,-1.412,11,Cardano,12207336165.60153,15714715970.67,45000000000.0,44995138809.56694,34956414642.00396,10038724167.56298,0.777,0.777,2.27
DASH,1569398400000,0.01,0.001,0.01,0.001,106252.255,2523903.31,0.336,165,Dash,285833892.984804,451104132.25,18900000.0,11975639.7496592,11975639.7496592,0.0,1.0,0.634,2.19
ZEC,1569398400000,0.01,0.001,0.01,0.001,380622.642,10507178.0,3.159,124,Zcash,453707310.8465745,583518906.61,21000000.0,16328268.75,16328268.75,0.0,1.0,0.778,3.05
XTZ,1569398400000,0.001,0.1,0.001,0.1,6227716.9,4111816.159,0.303,97,Tezos,665359138.0077612,678953976.87,1025193647.607475,1025193647.607475,1004665978.697042,20527668.910433054,0.98,0.98,2.14
BNB,1569398400000,0.01,0.01,0.1,0.001,349104.28,195810859.604,1.067,4,BNB,82079860460.77713,82079860460.78,145932499.03,145932499.03,145932499.03,0.0,1.0,1.0,1.78
ATOM,1569398400000,0.001,0.01,0.001,0.01,5350649.90,24831111.069,-1.246,48,Cosmos,1798150758.932422,1798150758.93,390934204.0,390934204.0,390934204.0,0.0,1.0,1.0,2.28
ONT,1569398400000,0.0001,0.1,0.0001,1.0,22844134.2,4079500.2359,1.693,258,Ontology,163609613.63286355,180246777.46,1000000000.0,1000000000.0,907697857.0,92302143.0,0.908,0.908,2.49
IOTA,1569398400000,0.0001,0.1,0.0001,1.0,30912992.7,3795550.4983,-1.29,135,IOTA,423642876.2028802,423642876.2,3459157943.0,3459157943.0,3459157943.0,0.0,1.0,1.0,2.41
BAT,1569398400000,0.0001,0.1,0.0001,1.0,15858942.5,2692178.8443,0.295,185,Basic Attention Token,254155813.13807505,254893584.44,1500000000.0,1500000000.0,1495658356.9526057,4341643.047394276,0.997,0.997,2.19
VET,1569398400000,1e-06,1.0,1e-05,0.1,226819505,5147437.858538,-0.819,47,VeChain,1833325497.4889936,1962985773.8,86712634466.0,85985041177.0,80985041177.0,5000000000.0,0.942,0.934,2.4
NEO,1569398400000,0.001,0.01,0.01,0.01,900345.20,8969350.97,0.923,90,Neo,711888604.1451365,1009215199.7,100000000.0,100000000.0,70538831.0,29461169.0,0.705,0.705,2.48
QTUM,1569398400000,0.001,0.1,0.001,0.1,936710.1,2233801.166,0.544,187,Qtum,253418420.26224387,259378239.66,107822406.0,107822406.0,105344935.0,2477471.0,0.977,0.977,2.39
IOST,1569398400000,1e-06,1.0,1e-05,1.0,463418051,2286105.506673,1.302,336,IOST,106023786.20263876,106023786.2,21315000000.0,21315000000.0,21315000000.0,0.0,1.0,1.0,2.31
THETA,1569398400000,0.0001,0.1,0.001,0.1,10389160.5,13400421.0732,-0.93,55,Theta Network,1279210071.1690333,1279210071.17,1000000000.0,1000000000.0,1000000000.0,0.0,1.0,1.0,2.93
ALGO,1569398400000,0.0001,0.1,0.0001,1.0,63701931.2,8013557.4783,-1.106,64,Algorand,1039084165.1343505,1254515211.67,10000000000.0,10000000000.0,8282754608.844155,1717245391.1558447,0.828,0.828,2.36
ZIL,1569398400000,1e-05,1.0,1e-05,0.1,239422514,3383366.54844,-0.986,178,Zilliqa,267425795.21494976,277080905.89,19685445051.858444,19685445051.858444,18999489626.148445,685955425.7099991,0.965,0.965,2.44
KNC,1569398400000,0.0001,1.0,0.0001,0.1,5335187,2391957.2562,0.335,401,Kyber Network Crystal v2,83528303.69185998,113370928.53,252301550.0,239437421.51855373,185888223.40529102,53549198.11326271,0.776,0.737,2.46
ZRX,1569398400000,0.0001,0.1,0.0001,1.0,9891934.3,3090852.4564,-2.427,181,0x Protocol,262550301.30913916,309466483.94,1000000000.0,1000000000.0,848396562.8973439,151603437.10265613,0.848,0.848,2.82
COMP,1569398400000,0.01,0.001,0.01,0.001,96440.966,4274134.53,-1.12,142,Compound,387470966.9903265,441059482.19,10000000.0,10000000.0,8785004.80397401,1214995.19602599,0.879,0.879,2.65
DOGE,1569398400000,1e-05,1.0,1e-05,1.0,2053369953,223600336.7146,-0.455,8,Dogecoin,15999950831.133173,15999950831.13,146247026383.7052,146247026383.7052,146247026383.7052,0.0,1.0,1.0,2.59
SXP,1569398400000,0.0001,0.1,0.0001,0.1,45312190.4,10800108.167,-2.245,279,Solar,145636708.78041473,145636708.78,619334163.4388148,619334163.4388148,619334163.4388148,0.0,1.0,1.0,2.67
KAVA,1569398400000,0.0001,0.1,0.0001,0.1,20914257.8,7030029.8717,-1.927,145,Kava,357907887.2166661,357907887.22,1082854731.0,1082854731.0,1082854731.0,0.0,1.0,1.0,2.64
BAND,1569398400000,0.0001,0.1,0.001,0.1,5994700.0,6864593.3716,-0.739,247,Band Protocol,173292696.88817042,173292695.51,151764364.226368,151764364.226368,151764365.42965502,-1.2032870054244995,1.0,1.0,2.94
RLC,1569398400000,0.0001,0.1,0.001,0.1,2085016.8,3070229.1479,-1.759,335,iExec RLC,106254995.85155307,127712577.7,86999785.0,86999784.9868455,72382548.06525736,14617236.921588138,0.832,0.832,2.86
MKR,1569398400000,0.1,0.001,1.0,0.0001,10925.970,15835291.99,-0.424,56,Maker,1275625673.463828,1462800609.95,1005577.0,907503.775184,876906.8245664,30596.9506176,0.966,0.872,2.49
SNX,1569398400000,0.001,0.1,0.001,0.1,4963294.0,6947415.923,-1.284,123,Synthetix,454514098.9254292,455101927.62,328193104.0887736,328193104.0887736,327769196.1395232,423907.94925040007,0.999,0.999,2.9
DOT,1569398400000,0.001,0.1,0.001,0.01,11644970.8,48417237.172,-2.014,16,Polkadot,6209094593.319297,6209094593.32,1501977823.023969,1501977823.023969,1501977823.023969,0.0,1.0,1.0,2.16
YFI,1569398400000,1.0,0.001,1.0,1e-05,663.032,3294873.2,-0.939,255,yearn.finance,166535605.5076007,181863549.83,36646.53224467,36646.53224467,33557.86490959,3088.6673350800047,0.916,0.916,2.0
BAL,1569398400000,0.001,0.1,0.001,0.01,1741540.6,3435410.991,-3.882,316,Balancer,117430772.17979915,187995274.51,96150704.0,65278280.42333377,60060293.77978504,5217986.6435487345,0.92,0.625,2.58
CRV,1569398400000,0.001,0.1,0.0001,0.1,128088493.2,32703438.596,-2.317,161,Curve DAO Token,303858887.3702742,549689546.18,2177259686.5714517,2177259686.5714517,1203551551.0,973708135.5714517,0.553,0.553,3.51
TRB,1569398400000,0.001,0.1,0.01,0.001,643727.1,39868787.34,-1.539,263,Tellor,160764858.08074236,164797482.8,2684328.0,2684328.0,2618642.0,65686.0,0.976,0.976,3.49
RUNE,1569398400000,0.001,1.0,0.001,0.1,5284475,25293227.997,-0.208,50,THORChain,1619006036.9197876,1991551997.21,414188247.0,414188247.0,336708895.0,77479352.0,0.813,0.813,3.29
SUSHI,1569398400000,0.0001,1.0,0.001,0.1,16357938,12123676.9294,0.203,237,SushiSwap,193562038.95199716,205797117.57,277733521.9010028,277733521.9010028,261221670.24662316,16511851.654379666,0.941,0.941,2.71
EGLD,1569398400000,0.001,0.1,0.01,0.01,140481.8,3527334.259,-1.157,95,MultiversX,685433487.8555763,786188061.72,31415926.0,27481160.0,27389792.31662633,91367.68337367103,0.997,0.872,2.58
SOL,1569398400000,0.001,1.0,0.01,0.001,7926484,1132972059.979,-0.941,5,Solana,66662987377.00256,83362197751.07,585977640.367214,585977640.367214,468593932.22398776,117383708.1432262,0.8,0.8,2.67
ICX,1569398400000,0.0001,1.0,0.0001,0.1,50604637,7039703.6084,1.479,285,ICON,140041698.02427965,142073548.72,1036666304.7756542,1036666304.7756542,1021840524.914389,14825779.861265182,0.986,0.986,2.46
STORJ,1569398400000,0.0001,1.0,0.0001,1.0,12784495,4977530.1571,-0.696,274,Storj,150993282.90364516,163740201.72,424999998.00000113,424999998.00000113,391914412.33034736,33085585.669653773,0.922,0.922,3.18
BLZ,1569398400000,1e-05,1.0,0.0001,1.0,217847802,26088478.76437,-9.154,540,Bluzelle,51337611.69448536,58675930.87,500000000.0,500000000.0,437467381.7280512,62532618.271948814,0.875,0.875,3.16
UNI,1569398400000,0.001,1.0,0.001,0.01,4580991,31076559.134,0.636,24,Uniswap,4085020108.1943603,6805023950.31,1000000000.0,1000000000.0,600294743.71,399705256.28999996,0.6,0.6,2.62
AVAX,1569398400000,0.001,1.0,0.01,0.01,4112024,105874599.171,-2.953,12,Avalanche,10392304663.52117,18300784500.18,715748719.0,446448995.8192906,406445895.8192906,40003100.0,0.91,0.568,2.7
FTM,1569398400000,0.0001,1.0,0.0001,1.0,248012978,153581163.0378,-3.669,49,Fantom,1708548644.3999047,1934860373.84,3175000000.0,3175000000.0,2803634835.5265927,371365164.47340727,0.883,0.883,3.83
ENJ,1569398400000,1e-05,1.0,0.0001,0.1,25482143,3773379.02157,-0.986,184,Enjin Coin,256408162.79520172,271818019.34,1839304008.0140595,1839304008.0140595,1735030527.6136718,104273480.40038776,0.943,0.943,2.84
FLM,1569398400000,0.0001,1.0,0.0001,1.0,81047199,4237006.6459,-0.938,656,Flamingo,33055580.450217105,52668837.2,1000000000.0,627611737.9926367,627611737.9926367,0.0,1.0,0.628,3.0
REN,1569398400000,1e-05,1.0,1e-05,1.0,85484147,2998918.28113,-2.141,632,Ren,34683417.78193658,34713705.48,1000000000.0,999999632.80375,999127500.3618875,872132.4418625832,0.999,0.999,3.15
KSM,1569398400000,0.001,0.1,0.01,0.001,221331.2,4039576.234,-1.463,167,Kusama,283297117.9535592,283297117.95,15550377.17185762,15550377.17185762,15550377.17185762,0.0,1.0,1.0,2.63
NEAR,1569398400000,0.001,1.0,0.001,0.1,22392730,106158079.335,-1.837,17,NEAR Protocol,5766716101.86902,5769338740.46,1213793725.0,1213793725.0,1213241956.0,551769.0,1.0,1.0,3.28
AAVE,1569398400000,0.01,0.1,0.01,0.001,490937.0,73157875.434,-2.269,39,Aave,2208318049.8035,2363241757.24,16000000.0,16000000.0,14951110.56186962,1048889.4381303806,0.934,0.934,3.29
FIL,1569398400000,0.001,0.1,0.001,0.01,14682156.7,53261734.912,-1.796,40,Filecoin,2131293210.2139115,7068979582.86,1959932727.0,1959932727.0,590918571.0,1369014156.0,0.301,0.301,2.56
RSR,1569398400000,1e-06,1.0,1e-06,0.1,979024394,6362415.903726,-1.859,152,Reserve Rights,330771400.55791026,638368433.66,100000000000.0,100000000000.0,51815124796.0,48184875204.0,0.518,0.518,3.59
LRC,1569398400000,1e-05,1.0,0.0001,1.0,26319228,3137326.48174,-1.774,261,Loopring,162782433.80729812,163624023.18,1373873397.4424574,1373873397.4424574,1366806970.1885817,7066427.253875732,0.995,0.995,2.67
BEL,1569398400000,0.0001,1.0,0.0001,0.1,23477342,12206650.8025,-3.316,620,Bella Protocol,36516463.82133952,50524772.18,100000000.0,100000000.0,72274376.0,27725624.0,0.723,0.723,3.24
AXS,1569398400000,0.001,1.0,0.001,0.01,3556819,16459615.98,-1.346,92,Axie Infinity,702449131.7039531,1247831311.52,270000000.0,270000000.0,151992712.32344002,118007287.67655998,0.563,0.563,2.43
ALPHA,1569398400000,1e-05,1.0,0.0001,1.0,39065807,2190024.21335,-1.516,546,Stella,50130759.278971694,55949508.12,1000000000.0,1000000000.0,896000000.0000002,103999999.99999976,0.896,0.896,2.74
ZEN,1569398400000,0.001,0.1,0.01,0.01,506361.7,3818668.474,-0.437,318,Horizen,116774723.01837899,116774723.02,15507143.75,15507143.75,15507143.75,0.0,1.0,1.0,2.84
SKL,1598252400000,1e-05,1.0,1e-05,1.0,110188838,4059878.91223,-3.528,232,SKALE,202997490.00561535,256546224.5,7000000000.0,5976541667.0,5538894337.0,437647330.0,0.927,0.791,3.35
GRT,1608274800000,1e-05,1.0,0.0001,1.0,90696463,14387081.71609,-1.345,51,The Graph,1505406358.961684,1702664661.67,10799706720.163599,10799706720.163599,9548531509.165474,1251175210.998125,0.884,0.884,2.91
1INCH,1608879600000,0.0001,1.0,0.0001,0.1,24293014,6240271.9481,-0.27,153,1inch Network,328494543.4887899,387689990.11,1500000000.0,1500000000.0,1270968629.082307,229031370.9176929,0.847,0.847,2.78
CHZ,1611212400000,1e-05,1.0,0.0001,1.0,291460165,18358409.23135,-0.91,105,Chiliz,566840587.5116109,566840587.51,9121824867.0,9121824867.0,9121824867.0,0.0,1.0,1.0,2.49
SAND,1610953200000,0.0001,1.0,0.0001,1.0,45987296,11603170.0733,-0.866,101,The Sandbox,601727653.0345474,755549424.98,3000000000.0,3000000000.0,2389232126.2233224,610767873.7766776,0.796,0.796,2.47
ANKR,1611558000000,1e-05,1.0,1e-05,0.1,123389777,3299564.62313,-1.224,180,Ankr,266449236.42579678,266449236.43,10000000000.0,10000000000.0,10000000000.0,0.0,1.0,1.0,2.63
LIT,1613545200000,0.001,0.1,0.001,0.1,4486458.1,2754856.024,-2.08,641,Litentry,34093736.962503366,61175686.08,100000000.0,100000000.0,55730861.63000001,44269138.36999999,0.557,0.557,3.09
UNFI,1612854000000,0.001,0.1,0.001,0.1,2224271.5,5675209.915,1.021,768,Unifi Protocol DAO,22180465.9426384,25704440.6,10000000.0,8629041.51706566,8629040.51706566,1.0,1.0,0.863,3.32
RVN,1614063600000,1e-05,1.0,1e-05,0.1,128642882,2122080.93428,-0.958,194,Ravencoin,237798755.51374015,347858400.62,21000000000.0,14355766187.963917,14355766187.963917,0.0,1.0,0.684,2.58
SFP,1614150000000,0.0001,1.0,0.0001,1.0,2837226,2045721.9849,0.683,146,SafePal,351530794.31923556,360544404.43,500000000.0,500000000.0,487500000.0,12500000.0,0.975,0.975,1.68
COTI,1615273200000,1e-05,1.0,1e-05,1.0,77510368,7592804.72815,-3.526,256,COTI,166389758.10949543,193694626.97,2000000000.0,2000000000.0,1718062712.51,281937287.49,0.859,0.859,3.79
CHR,1615532400000,0.0001,1.0,0.0001,1.0,33748559,5980267.4248,0.34,276,Chromia,147277778.46108985,173335861.47,978064789.0,831029471.311846,831029471.311846,0.0,1.0,0.85,3.45
MANA,1615705200000,0.0001,1.0,0.0001,1.0,29866780,8793376.2693,-2.17,109,Decentraland,559456212.0190706,642967576.34,2193179327.320146,2193179327.320146,1908319865.391588,284859461.9285581,0.87,0.87,2.45
ALICE,1615791600000,0.001,0.1,0.001,0.01,5301320.4,5157204.308,-1.022,474,MyNeighborAlice,65447820.540831365,96369619.41,100000000.0,100000000.0,67913333.0,32086667.0,0.679,0.679,3.33
HBAR,1615964400000,1e-05,1.0,0.0001,1.0,179135050,9582191.01372,-3.098,43,Hedera,1991804090.4464195,2644969871.39,50000000000.0,50000000000.0,37652680130.574394,12347319869.425606,0.753,0.753,2.45
ONE,1615964400000,1e-05,1.0,1e-05,0.1,232295733,2828707.43287,-2.333,248,Harmony,172685735.4995457,175099497.14,14406874114.262915,14406874114.262915,14208274114.262897,198600000.00001717,0.986,0.986,3.01
LINA,1615964400000,1e-05,1.0,1e-06,1.0,1620387665,6035572.90068,-0.266,735,Linear Finance,25524147.010243814,37571411.46,10000000000.0,10000000000.0,6793502298.504624,3206497701.4953756,0.679,0.679,3.38
STMX,1615964400000,1e-05,1.0,1e-06,1.0,1173911146,6842316.77514,0.34,449,StormX,71300958.37426782,74043667.13,12500000000.0,12500000000.0,12036977829.310755,463022170.6892452,0.963,0.963,3.67
DENT,1616482800000,1e-06,1.0,1e-06,1.0,2005339666,1657534.514154,-1.322,411,Dent,82043394.56505492,82043394.57,100000000000.0,99999999999.99994,99999999999.99994,0.0,1.0,1.0,2.87
CELR,1617001200000,1e-05,1.0,1e-05,0.1,211749033,2418499.52393,-1.13,385,Celer Network,88152091.92039576,113841229.28,10000000000.0,10000000000.0,7743424106.9912,2256575893.0087996,0.774,0.774,2.78
HOT,1617087600000,1e-06,1.0,1e-06,1.0,2261876739,3531215.029556,-2.329,173,Holo,269914520.78826207,275648666.66,177619433541.14133,177619433541.14133,173924528163.42093,3694905377.720398,0.979,0.979,2.96
MTL,1617174000000,0.0001,1.0,0.001,0.1,3223254,3061896.7521,1.577,436,Metal DAO,75120184.52757418,75120184.53,78588897.0,78588897.0,78588897.0,0.0,1.0,1.0,2.52
OGN,1617174000000,0.0001,1.0,0.0001,1.0,33441269,2727164.4802,-0.857,526,Origin Protocol,54302577.89031761,114347921.53,1409664846.0,1409664846.0,669434425.0,740230421.0,0.475,0.475,3.04
NKN,1617865200000,1e-05,1.0,0.0001,1.0,33188259,2315376.4244,-1.597,530,NKN,53796824.03653146,69031370.91,1000000000.0,779309802.5380615,779309802.5380615,0.0,1.0,0.779,2.94
BAKE,1621321200000,0.0001,1.0,0.0001,0.1,33147582,7944535.7611,-0.746,456,BakeryToken,69352709.82565133,69352709.83,289770511.79138726,289770511.79138726,289770511.79138726,0.0,1.0,1.0,3.07
GTC,1615791600000,0.001,0.1,0.001,0.1,13674429.2,9311274.899,3.328,506,Gitcoin,57786780.172820844,68464028.71,100000000.0,100000000.0,84404586.26069586,15595413.73930414,0.844,0.844,3.21
IOTX,1628665200000,1e-05,1.0,1e-05,1.0,121855515,4566941.84127,-0.906,147,IoTeX,351048078.8215862,371818907.19,10000000000.0,9441372459.0,9441372454.0,5.0,1.0,0.944,3.15
C98,1629702000000,0.0001,1.0,0.0001,0.1,24939333,3015122.3485,-1.639,352,Coin98,99513562.57681222,120157262.1,1000000000.0,1000000000.0,828194325.0,171805675.0,0.828,0.828,2.86
MASK,1626418800000,0.0001,1.0,0.001,0.1,9450545,23240598.0688,-3.285,192,Mask Network,243000364.3161401,243000364.32,100000000.0,100000000.0,100000000.0,0.0,1.0,1.0,2.68
ATA,1630306800000,0.0001,1.0,0.0001,1.0,22517086,1749078.0261,-0.768,584,Automata Network,41674606.69854447,77476354.02,1000000000.0,1000000000.0,537900979.25,462099020.75,0.538,0.538,2.96
DYDX,1631170800000,0.001,0.1,0.0001,0.01,44219743.3,38545290.12,-1.919,108,dYdX (Native),560753026.166985,670550494.05,771541452.07,771541452.07,645207494.2922732,126333957.77772689,0.836,0.836,2.95
GALA,1631862000000,1e-05,1.0,1e-05,1.0,2088785094,41098365.38813,-2.506,96,Gala,677642265.5353498,716950317.39,36919210781.094734,36919210781.094734,34895050645.08011,2024160136.0146255,0.945,0.945,3.41
CELO,1632639600000,0.001,0.1,0.0001,0.1,239126477.7,176051540.84,10.03,140,Celo,406310230.6664521,737438944.42,1000000000.0,1000000000.0,550974740.0,449025260.0,0.551,0.551,2.9
AR,1632812400000,0.001,0.1,0.01,0.01,1351879.4,25150378.6,-2.117,59,Arweave,1213636761.8536997,1220061197.43,66000000.0,65652466.0,65652466.0,0.0,1.0,0.995,3.66
KLAY,1633935600000,0.0001,0.1,0.0001,0.1,32212939.3,4251440.1011,0.616,117,Klaytn,497574575.9630128,763559922.93,5836987710.810973,5836987710.810973,3803678791.7692375,2033308919.0417356,0.652,0.652,2.36
ARPA,1634540400000,1e-05,1.0,1e-05,0.1,55160428,2159112.07894,-1.787,503,ARPA,59333374.13189182,78091468.03,2000000000.0,2000000000.0,1519586598.4,480413401.5999999,0.76,0.76,3.08
CTSI,1635145200000,0.0001,1.0,0.0001,1.0,14545346,1764871.0711,-1.385,349,Cartesi,100896840.27531542,121065017.42,1000000000.0,1000000000.0,833410364.3216836,166589635.67831635,0.833,0.833,2.75
LPT,1636527600000,0.001,0.1,0.001,0.01,708481.5,8734855.726,-0.56,132,Livepeer,428833634.4422856,428833634.44,34976185.83309868,34976185.83309868,34976185.83309868,0.0,1.0,1.0,3.47
ENS,1638169200000,0.001,0.1,0.01,0.01,977416.5,16497069.586,-1.91,110,Ethereum Name Service,554626000.2066331,1674033158.44,100000000.0,100000000.0,33131123.92140446,66868876.07859554,0.331,0.331,3.08
PEOPLE,1640242800000,1e-05,1.0,1e-05,0.1,2508091856,173643368.11041,-0.144,148,ConstitutionDAO,349301916.52074,349301916.52,5060137334.7,5060137334.7,5060137334.7,0.0,1.0,1.0,4.16
ROSE,1640934000000,1e-05,1.0,1e-05,0.1,143698195,9702875.80652,-3.835,121,Oasis,472814200.5400424,669316704.39,10000000000.0,10000000000.0,7064132681.0,2935867319.0,0.706,0.706,3.13
DUSK,1641452400000,1e-05,1.0,0.0001,1.0,19167757,3746110.85612,-3.387,379,Dusk,89932165.94571681,96841247.35,500000000.0,500000000.0,464327796.31632507,35672203.68367493,0.929,0.929,3.42
FLOW,1644390000000,0.001,0.1,0.001,0.01,7601601.6,4146199.57,0.183,76,Flow,839812016.7493311,839812016.75,1536086728.2085543,1536086728.2085543,1536086728.2085543,0.0,1.0,1.0,2.67
IMX,1644476400000,0.0001,1.0,0.001,0.01,6617088,10161740.7329,-4.5,37,Immutable,2413683517.2054367,3007144299.7,2000000000.0,2000000000.0,1605299431.3898141,394700568.61018586,0.803,0.803,3.28
API3,1645426800000,0.0001,0.1,0.001,0.01,3052588.0,4141985.1276,-2.938,319,API3,115929176.10203983,190314173.58,141873925.74431893,141873925.74431893,86421978.0,55451947.74431893,0.609,0.609,3.29
GMT,1647241200000,1e-05,1.0,0.0001,0.1,180409417,23617551.55452,1.359,144,GMT,374443757.74140674,695733109.67,5281837432.534851,5281837432.534851,2842686410.2510967,2439151022.2837543,0.538,0.538,2.97
APE,1647500400000,0.0001,1.0,0.001,0.01,29644910,21004436.5946,-1.913,134,ApeCoin,424202780.642026,701282365.49,1000000000.0,1000000000.0,604895833.0,395104167.0,0.605,0.605,3.07
WOO,1649314800000,1e-05,1.0,0.0001,0.1,80711902,14025522.91314,-5.752,157,WOO,307983573.54554737,374538083.73,2224563555.037396,2224563555.037396,1829264000.1718502,395299554.86554575,0.822,0.822,3.1
JASMY,1650351600000,1e-06,1.0,1e-05,0.1,1060122163,20864225.4095,-2.612,68,JasmyCoin,959218007.535381,970966711.01,50000000000.0,50000000000.0,49394999677.16958,605000322.8304214,0.988,0.988,3.59
DAR,1651129200000,0.0001,0.1,1e-05,1.0,68423585.7,9988449.485,-2.965,383,Mines of Dalarnia,88669544.34940365,115141268.46,800000000.0,800000000.0,616074813.411253,183925186.58874702,0.77,0.77,3.98
OP,1654066800000,0.0001,0.1,0.001,0.01,34921795.6,56164904.80086,-1.456,42,Optimism,1995046581.691362,6827233915.39,4294967296.0,4294967296.0,1255070491.0,3039896805.0,0.292,0.292,2.95
INJ,1660633200000,0.001,0.1,0.01,0.01,2685009.7,53815842.6166,-3.104,46,Injective,1935552503.435864,1981158333.2,100000000.0,100000000.0,97698021.96,2301978.0400000066,0.977,0.977,3.52
STG,1661324400000,0.0001,1.0,0.0001,0.1,7607123,2246444.1657,-0.27,496,Stargate Finance,60344567.04139636,295316797.46,1000000000.0,1000000000.0,204338417.4544445,795661582.5455555,0.204,0.204,2.34
SPELL,1662361200000,1e-07,1.0,1e-07,1.0,6216793785,3283087.1071696,-1.836,425,Spell Token,78517587.19778824,102687827.4,196008739620.0,196008739620.0,149873005343.5507,46135734276.44931,0.765,0.765,2.97
LDO,1663743600000,0.0001,1.0,0.001,0.01,23952813,25398314.0163,-1.238,69,Lido DAO,941120812.1902764,1051201789.89,1000000000.0,1000000000.0,895280831.1785043,104719168.82149565,0.895,0.895,3.35
ICP,1627628400000,0.001,1.0,0.001,0.01,1780268,14626180.033,-1.739,26,Internet Computer,3862173354.1750784,4288858739.72,523733662.8602281,523733662.8602281,471629009.0533646,52104653.80686355,0.901,0.901,2.98
APT,1666076400000,0.0001,0.1,0.01,0.01,27603655.4,246006752.04999,-3.423,22,Aptos,4386243528.72336,9765828878.22,1119419617.7100873,1119419617.7100873,502778321.7721212,616641295.9379661,0.449,0.449,3.05
QNT,1666076400000,0.01,0.1,0.1,0.001,67523.5,4768431.459,-3.789,78,Quant,831637424.0005716,1025111223.53,14881364.0,14881364.0,12072738.0,2808626.0,0.811,0.811,2.29
FET,1673766000000,0.0001,1.0,0.001,0.1,106489663,152087244.1305,-5.1,28,Artificial Superintelligence Alliance,3519495156.317986,3673888063.97,2630547141.0,2719493896.672,2520000000.0,199493896.67199993,0.927,0.958,4.04
FXS,1674111600000,0.0001,0.1,0.001,0.1,1311768.7,2581597.09176,-0.643,259,Frax Share,163106213.22261044,196795652.56,99681495.59113361,99681495.59113361,82617024.6261045,17064470.965029106,0.829,0.829,2.95
HOOK,1674111600000,0.0001,0.1,0.0001,0.1,14581851.5,6216686.46004,-2.159,413,Hooked Protocol,81397535.04624383,210584298.25,500000000.0,500000000.0,193265917.075739,306734082.924261,0.387,0.387,3.55
MAGIC,1674457200000,0.0001,0.1,0.0001,0.1,11364304.4,3983776.69805,-0.689,367,Treasure,92552869.67645513,120266428.82,347714007.0,347714007.0,267588632.08968168,80125374.91031832,0.77,0.77,3.19
T,1675148400000,1e-05,1.0,1e-05,0.1,295762374,7100615.87067,2.655,193,Threshold,238848838.989148,264552215.88,11035000000.0,11035000000.0,9962860940.162596,1072139059.8374043,0.903,0.903,2.86
HIGH,1675407600000,0.0001,0.1,0.001,0.001,4995728.3,6392832.15907,-2.437,391,Highstreet,86526375.72554094,126599199.42,100000000.0,100000000.0,68346700.55091819,31653299.44908181,0.683,0.683,3.4
MINA,1675407600000,0.0001,1.0,0.0001,0.1,26869978,13997966.0079,-0.367,102,Mina,600648395.1717099,613172289.01,1190104550.8400393,1190104550.8400393,1165796956.8400393,24307594.0,0.98,0.98,2.93
ASTR,1676271600000,1e-06,1.0,0.0001,0.1,59018861,3611615.994472,-1.765,129,Astar,443631570.0964311,496582189.94,8231570993.0,8231570993.0,7353837568.0,877733425.0,0.893,0.893,2.9
PHB,1676444400000,0.0001,1.0,0.001,0.1,11121843,20007903.7008,-3.071,375,Phoenix,90641428.99601468,111775127.93,64000000.0,51899305.0,51899305.0,0.0,1.0,0.811,3.7
GMX,1676530800000,0.001,0.01,0.01,0.001,129190.12,2750598.60037,-2.845,231,GMX,205746298.35752738,205746298.36,9723549.88955792,9723549.88955792,9723549.88955792,0.0,1.0,1.0,2.98
CFX,1676790000000,1e-05,1.0,0.0001,1.0,362795717,62611065.22534,-1.247,82,Conflux,774108754.1358024,863915232.09,5050365204.8,5050365204.8,4525365187.92,525000016.8800001,0.896,0.896,3.42
STX,1676876400000,0.0001,1.0,0.001,0.1,55057526,99959324.708,-2.752,34,Stacks,2711287298.072247,3303618609.11,1818000000.0,1492036730.36016,1492036730.36016,0.0,1.0,0.821,3.27
BNX,1677049200000,0.0001,0.1,0.0001,0.1,64353823.6,48866781.00941,-8.539,168,BinaryX,277596617.45889074,430527369.68,580000000.0,564515387.8561709,373973989.72737455,190541398.12879634,0.662,0.645,3.92
ACH,1676962800000,1e-06,1.0,1e-05,1.0,315472509,6003981.392792,-1.418,267,Alchemy Pay,155063367.48824987,189076808.54,10000000000.0,9999999999.999989,8201078106.197137,1798921893.8028517,0.82,0.82,3.08
SSV,1677135600000,0.001,0.01,0.01,0.001,412609.37,9355395.09334,1.326,183,ssv.network,258058762.35810074,264999926.75,11638486.3,11638486.3,11333638.49237275,304847.8076272514,0.974,0.974,3.61
CKB,1677481200000,1e-06,1.0,1e-06,1.0,1652050398,25504897.692997,-1.393,94,Nervos Network,688965895.4996382,699568762.93,45767216847.99988,45767216847.99988,45073555611.56369,693661236.4361877,0.985,0.985,3.94
PERP,1677999600000,0.0001,0.1,0.0001,0.01,5226370.8,2922587.83188,-0.875,618,Perpetual Protocol,36633283.00396807,83254740.52,150000000.0,150000000.0,66002156.95,83997843.05,0.44,0.44,3.03
TRU,1678086000000,1e-05,1.0,0.0001,1.0,48125119,4054830.04801,-3.387,342,TrueFi,103915168.02663665,121433122.39,1450000000.0,1263325829.1551602,1240822855.2386086,22502973.91655159,0.982,0.856,3.75
LQTY,1678258800000,0.0001,0.1,0.001,0.1,5099345.3,4349790.77009,3.598,416,Liquity,80930125.18792333,86519884.15,100000000.0,100000000.0,93539336.05445005,6460663.94554995,0.935,0.935,3.45
ID,1679529600000,1e-05,1.0,0.0001,1.0,8836215,3182009.75694,-1.281,177,SPACE ID,267462956.98060608,715328052.42,2000000000.0,1995442028.568885,747805027.5688851,1247637001.0,0.375,0.374,2.77
ARB,1679554800000,0.0001,0.1,0.0001,0.1,71242495.4,39557990.99233,-3.102,44,Arbitrum,1987777403.7151327,5495518030.68,10000000000.0,10000000000.0,3617088312.0,6382911688.0,0.362,0.362,2.64
JOE,1679961600000,1e-05,1.0,0.0001,0.01,8322544,2666624.87494,-1.599,315,JOE,118672210.88220975,159902877.45,500000000.0,464573155.0,371075908.0,93497247.0,0.799,0.742,2.87
TLM,1680048000000,1e-06,1.0,1e-05,1.0,434799253,4267397.555085,-1.316,568,Alien Worlds,45211885.38554046,97427575.05,10000000000.0,6493546544.9724,4640563553.2924,1852982991.6799994,0.715,0.464,3.51
AMB,1680048000000,1e-06,1.0,1e-05,1.0,914241641,5750061.434011,-4.454,774,AirDAO,21537668.38152446,39972395.14,6500000000.0,6478875856.0,3502288116.0,2976587740.0,0.541,0.539,3.95
LEVER,1680048000000,1e-07,1.0,1e-06,1.0,2543622702,4678733.1082236,-2.965,494,LeverFi,60730253.877407685,63484222.41,35000000000.0,35000000000.0,33481687340.4971,1518312659.5028992,0.957,0.957,3.26
RDNT,1680566400000,1e-05,1.0,0.0001,1.0,126027894,8698248.32194,-2.119,426,Radiant Capital,77833553.24991183,103136938.42,1500000000.0,1500000000.0,1131993364.0,368006636.0,0.755,0.755,3.28
HFT,1680652800000,1e-05,1.0,0.0001,0.1,10641496,1551840.95003,-1.753,472,Hashflow,65794110.90015364,144446220.32,1000000000.0,1000000000.0,455492090.77839994,544507909.2216,0.455,0.455,2.94
XVS,1681257600000,0.001,0.1,0.01,0.01,982248.4,7061729.957,3.857,312,Venus,120432737.90267874,219889210.4,30000000.0,30000000.0,16430920.5101512,13569079.4898488,0.548,0.548,2.83
BLUR,1682553600000,0.0001,1.0,0.0001,0.1,136366970,30245725.4668,2.253,133,Blur,424669581.74744177,663741340.64,3000000000.0,3000000000.0,1919435580.1464992,1080564419.8535008,0.64,0.64,3.67
EDU,1682640000000,0.0001,1.0,0.0001,1.0,14052735,7558651.9114,-2.806,245,Open Campus,174972803.1549183,530471785.79,1000000000.0,1000000000.0,329843750.1157,670156249.8843,0.33,0.33,3.41
SUI,1683072000000,0.0001,0.1,0.0001,0.1,387478920.8,667989520.30037,-0.784,21,Sui,4793785762.731331,17344648684.4,10000000000.0,10000000000.0,2763841372.608888,7236158627.391111,0.276,0.276,4.05
UMA,1683590400000,0.001,1.0,0.001,0.1,12361264,36436155.51,-0.777,191,UMA,244425575.96504903,357351133.37,121398336.65181479,121398336.65181479,83035579.25531276,38362757.39650203,0.684,0.684,3.66
KEY,1684800000000,1e-07,1.0,1e-06,1.0,4264082884,15389755.3604992,-2.459,775,SelfKey,21514847.65326994,21514847.82,6000000000.0,5999999954.464072,5999999954.464072,0.0,1.0,1.0,3.06
COMBO,1685707200000,0.0001,0.1,0.0001,0.1,9968816.9,4024752.62498,0.501,698,COMBO,28536715.240321707,28536715.24,71051748.0,71051748.0,71051748.0,0.0,1.0,1.0,3.21
NMR,1687435200000,0.001,0.1,0.01,0.01,232130.3,3325998.2548,-2.682,341,Numeraire,104174361.02783898,156028630.24,11000000.0,10714522.7156318,7344280.14602766,3370242.56960414,0.685,0.668,3.29
MAV,1688040000000,1e-05,1.0,0.0001,1.0,26604354,4785229.05815,-3.508,432,Maverick Protocol,75894563.19723408,353958806.82,2000000000.0,2000000000.0,428832744.01116383,1571167255.9888363,0.214,0.214,3.64
XVG,1688558400000,1e-07,1.0,1e-06,1.0,468597858,1733199.3062022,-2.294,495,Verge,60605540.551362045,60605540.55,16521951235.741348,16521951235.741348,16521951235.741348,0.0,1.0,1.0,2.98
WLD,1690200000000,0.0001,1.0,0.001,0.1,221404501,402250654.0198,6.394,71,Worldcoin,916004325.1675206,18217667404.87,10000000000.0,10000000000.0,502810982.77315164,9497189017.226849,0.05,0.05,4.02
PENDLE,1690511400000,0.0001,1.0,0.001,0.1,5194787,19798844.8391,-1.388,100,Pendle,612115720.647664,981239508.47,258446028.24463487,258446028.24463487,161223509.10519743,97222519.13943744,0.624,0.624,3.85
ARKM,1690512300000,0.0001,1.0,0.001,0.1,33104467,46051083.9556,-2.556,160,Arkham,303998956.0273288,1350506246.23,1000000000.0,1000000000.0,225100000.0,774900000.0,0.225,0.225,3.96
AGLD,1690597800000,0.0001,1.0,0.001,0.1,4739256,4346550.9204,2.627,447,Adventure Gold,71407396.59992708,71407396.6,77310001.0,77310001.0,77310001.0,0.0,1.0,1.0,2.95
YGG,1691206200000,0.0001,1.0,0.0001,0.1,20898414,9267822.0413,-1.451,252,Yield Guild Games,169215461.30037865,441651271.15,1000000000.0,1000000000.0,383142701.8432822,616857298.1567178,0.383,0.383,3.84
BNT,1691668800000,1e-05,1.0,0.0001,0.1,5952021,2846398.52863,-0.976,504,Bancor,59270675.3018208,59270675.3,124874782.91828331,124874782.91828331,124874782.91828331,0.0,1.0,1.0,2.41
OXT,1691755200000,1e-05,1.0,0.0001,1.0,24691662,1751024.59554,0.636,453,Orchid,69665071.26801981,71102834.01,1000000000.0,1000000000.0,979779107.8279902,20220892.172009826,0.98,0.98,2.78
SEI,1692239400000,0.0001,1.0,0.0001,0.1,327351167,133635675.3381,-2.168,54,Sei,1428867297.0323067,4053683966.65,10000000000.0,10000000000.0,3524861111.0,6475138889.0,0.352,0.352,3.89
CYBER,1692619200000,0.001,0.1,0.001,0.01,2254631.7,6610117.9623,-2.805,428,Cyber,77656263.4295925,287535738.4,100000000.0,100000000.0,27007517.0,72992483.0,0.27,0.27,3.36
HIFI,1694874600000,0.0001,1.0,0.0001,0.1,23447554,11345709.1418,1.077,470,Hifi Finance,66127053.29044586,67621900.16,141365238.7751762,141365238.7751762,138240224.7751762,3125014.0,0.978,0.978,3.29
ARK,1695133800000,0.0001,1.0,0.0001,1.0,234281852,103388426.6714,0.628,407,Ark,83001541.76011483,83001541.76,183893216.0,183893216.0,183893216.0,0.0,1.0,1.0,3.38
BICO,1695904200000,0.0001,1.0,0.0001,0.01,10473236,2171528.4921,-3.412,246,Biconomy,173366110.27121022,203642947.37,1000000000.0,1000000000.0,851323910.3684244,148676089.63157558,0.851,0.851,3.11
WAXP,1697640300000,1e-05,1.0,1e-05,1.0,73359712,2388902.47788,2.365,322,WAX,115316790.8893832,140165027.04,4260682287.2008467,4260682287.2008467,3505355214.1313677,755327073.069479,0.823,0.823,2.59
RIF,1697891400000,1e-05,1.0,0.0001,1.0,18754563,1590291.27871,-1.779,398,Rootstock Infrastructure Framework,84467474.84297113,84467474.84,1000000000.0,1000000000.0,1000000000.0,0.0,1.0,1.0,3.6
POLYX,1698201000000,1e-05,1.0,0.0001,0.1,22328307,5225940.48066,0.256,196,Polymesh,211097725.51311746,258177420.21,1094376003.231675,1094376003.231675,894812121.631704,199563881.59997094,0.818,0.818,2.97
GAS,1698201900000,0.001,0.1,0.001,0.1,2678957.8,10314297.954,3.479,186,Gas,253994814.9972611,253994815.0,64992331.0,64992331.0,64992331.0,0.0,1.0,1.0,2.57
POWR,1698373800000,0.0001,1.0,0.0001,1.0,15719023,3293462.4238,1.387,329,Powerledger,111773035.89118363,212090703.35,1000000000.0,1000000000.0,527005824.033946,472994175.966054,0.527,0.527,2.71
TIA,1698769800000,0.0001,1.0,0.001,0.01,26038000,132480287.799,-1.681,63,Celestia,1098337443.953418,5474873994.2,1074520547.94494,1074520547.94494,215564075.69494,858956472.2500001,0.201,0.201,4.02
CAKE,1698929100000,0.0001,1.0,0.001,0.01,3043008,5691969.5113,-0.134,115,PancakeSwap,510335638.74779904,840640458.33,450000000.0,382660716.40077126,273185801.56569743,109474914.83507383,0.714,0.607,2.47
MEME,1699012800000,1e-06,1.0,1e-05,1.0,1928251681,19233654.492804,-2.021,175,Memecoin,268206786.4824767,680739599.34,69000000000.0,69000000000.0,27185532155.40579,41814467844.59421,0.394,0.394,3.38
TWT,1699021800000,0.0001,1.0,0.0001,1.0,13321270,14468616.9626,-0.48,127,Trust Wallet Token,449034422.3857245,1077368335.9,999668148.0,999668148.0,416649900.0,583018248.0,0.417,0.417,2.55
ORDI,1699360200000,0.001,0.1,0.01,0.01,3754770.7,125891602.9163,-1.094,91,ORDI,703303270.9840292,703303270.98,21000000.0,21000000.0,21000000.0,0.0,1.0,1.0,3.72
STEEM,1699453800000,1e-05,1.0,0.0001,0.1,7398662,1288968.42107,0.677,408,Steem,82814381.88548182,82814381.89,473098664.336,473098664.336,473098664.336,0.0,1.0,1.0,2.32
BADGER,1699533000000,0.0001,1.0,0.001,0.01,546975,1468439.7121,-1.253,524,Badger DAO,54450944.864521064,56353320.36,21000000.0,21000000.0,20291081.96061343,708918.0393865705,0.966,0.966,2.87
ILV,1699633800000,0.001,0.1,0.01,0.001,101276.1,3734539.51,-2.907,244,Illuvium,176032574.41691118,308548358.31,8493957.28443321,8493957.28443321,4845960.53584702,3647996.74858619,0.571,0.571,3.11
NTRN,1699963200000,0.0001,1.0,0.0001,0.1,9583452,3937453.5917,-2.149,321,Neutron,115552793.86033227,405548496.55,1000000000.0,999836241.918885,284929656.607955,714906585.31093,0.285,0.285,3.06
PYTH,1700663400000,0.0001,1.0,0.0001,0.1,41418000,13857663.238,0.9,58,Pyth Network,1220693877.4465468,3367438026.79,9999988786.438566,9999988786.438566,3624988786.438567,6374999999.999999,0.362,0.362,3.12
SUPER,1701003600000,0.0001,1.0,0.0001,1.0,24481205,24946268.0054,-1.302,119,SuperVerse,493051942.5749276,1010401839.82,1000000000.0,999998077.4169173,487976093.41691726,512021984.00000006,0.488,0.488,4.09
USTC,1701088200000,1e-05,1.0,1e-05,1.0,3729556409,85665713.58479,2.286,297,TerraClassicUSD,133445624.1003161,186391518.92,8143672930.671141,8143672930.671141,5830402171.810951,2313270758.8601894,0.716,0.716,3.59
ONG,1701090000000,1e-05,1.0,0.0001,1.0,43746280,13642172.14627,5.716,305,Ontology Gas,126090709.19757971,321454160.73,1000000000.0,1000000000.0,392250978.8414432,607749021.1585568,0.392,0.392,2.6
JTO,1702029600000,0.0001,1.0,0.001,0.1,8988547,18373912.501,-1.192,182,Jito,260340007.03957433,2043868959.01,1000000000.0,1000000000.0,127376075.6,872623924.4,0.127,0.127,3.77
1000SATS,1702389600000,1e-07,1.0,1e-07,1.0,412551366193,110677907.1027634,-2.232,107,SATS,561375716.6319015,561375716.63,2100000000000.0,2100000000000.0,2100000000000.0,0.0,1.0,1.0,4.83
AUCTION,1702645200000,0.001,0.01,0.01,0.01,360250.93,4885679.065297,-1.046,386,Bounce Token,88010374.38464838,135399388.63,10000000.0,7640684.0,6500057.0,1140627.0,0.851,0.65,3.24
ACE,1702893600000,0.0001,0.01,0.001,0.1,4028408.51,8608551.044495,-3.125,424,Fusionist,78578880.01984401,309210914.85,147000000.0,146307870.0,37356687.0,108951183.0,0.255,0.254,3.91
MOVR,1703593800000,0.001,0.01,0.001,0.001,293864.89,2778057.16524,-1.678,392,Moonriver,86278631.17779917,109108636.59,11552370.0,11552370.0,9135140.0,2417230.0,0.791,0.791,3.26
NFP,1703680200000,0.0001,0.1,0.0001,1.0,34133902.8,7177721.38476,-1.751,493,NFPrompt,60807753.94960549,207634498.66,1000000000.0,1000000000.0,292859589.0410959,707140410.958904,0.293,0.293,3.67
AI,1704717000000,1e-05,1.0,0.0001,0.1,34536820,14092274.11448,-2.286,373,Sleepless AI,91423809.15874259,400213665.26,1000000000.0,1000000000.0,228437500.0,771562500.0,0.228,0.228,3.92
XAI,1704808800000,0.0001,1.0,0.0001,0.1,157256210,32314064.9404,-2.277,294,Xai,135565822.51379424,503450586.63,2500000000.0,1309525745.863508,673183357.5831829,636342388.280325,0.514,0.269,3.65
WIF,1705587300000,0.0001,0.1,0.001,0.01,245420337.6,564804430.5545285,-3.193,38,dogwifhat,2235386565.593949,2235386565.59,998845386.531256,998845386.531256,998845386.531256,0.0,1.0,1.0,4.62
MANTA,1705586400000,0.0001,0.1,0.001,0.1,21930562.5,16144910.02354,-3.324,170,Manta Network,274164282.65491754,723303049.95,1000000000.0,1000000000.0,379044831.45,620955168.55,0.379,0.379,3.58
LSK,1706192100000,0.0001,1.0,0.001,0.1,2616954,2089069.4014,-0.971,303,Lisk,128437786.1624963,318640754.98,400000000.0,400000000.0,161232088.68247753,238767911.31752247,0.403,0.403,2.48
ALT,1706191200000,1e-05,1.0,1e-05,1.0,475422580,52938203.79427,-0.638,188,Altlayer,252109385.3354848,1104544295.54,10000000000.0,10000000000.0,2282474196.406704,7717525803.593296,0.228,0.228,4.25
JUP,1706725800000,0.0001,1.0,0.0001,0.1,23844124,18477794.2534,-2.629,65,Jupiter,1029554923.8167181,7626332769.01,10000000000.0,10000000000.0,1350000000.0,8650000000.0,0.135,0.135,3.37
DYM,1707289200000,0.0001,0.1,0.001,0.1,15211427.5,22801443.94736,-2.062,158,Dymension,306379428.3656119,1527380422.19,1034289762.0,1034289762.0,207469666.0,826820096.0,0.201,0.201,4.09
OM,1707832800000,1e-05,0.1,0.0001,1.0,25361373.8,34372020.6018252,-0.639,62,MANTRA,1143538827.0537941,1196599056.74,888888888.0,888888888.0,849473305.7322589,39415582.267741084,0.956,0.956,3.33
PIXEL,1708354800000,0.0001,1.0,0.0001,0.1,71137431,9228129.3592,-2.872,282,Pixels,143150303.0971997,642768954.34,5000000000.0,5000000000.0,1113544004.66,3886455995.34,0.223,0.223,3.82
STRK,1708448400000,0.0001,0.1,0.0001,0.01,83970696.5,32452631.87132,-1.362,85,Starknet,743466138.7227997,3833037782.98,10000000000.0,10000000000.0,1939626429.0,8060373571.0,0.194,0.194,3.65
GLM,1708596000000,1e-05,1.0,0.0001,0.1,26778332,8964805.32755,-3.151,154,Golem,328308358.7863711,328308358.79,1000000000.0,1000000000.0,1000000000.0,0.0,1.0,1.0,2.89
PORTAL,1709218800000,0.0001,0.1,0.0001,0.1,32382466.5,9312696.61813,-4.419,380,Portal,89880007.1282007,280862008.23,1000000000.0,320014827.54514533,320014827.54514533,0.0,1.0,0.32,3.75
TON,1709296200000,0.0001,0.1,0.001,0.01,11951347.8,63567477.2141326,-3.422,10,Toncoin,13236205962.5542,26691940801.63,5112628771.497605,5112628771.497605,2535289881.4116545,2577338890.085951,0.496,0.496,2.42
AXL,1709307000000,0.0001,0.1,0.0001,0.01,48516100.6,32881533.06274,-3.094,112,Axelar,531223333.60503685,773760296.99,1170580646.081636,1170580646.081636,803659422.0263771,366921224.05525887,0.687,0.687,3.54
METIS,1710232200000,0.01,0.01,0.01,0.001,69855.77,2400250.695,-0.899,199,Metis,208616715.9257194,341919823.16,10000000.0,10000000.0,6101334.342,3898665.658,0.61,0.61,2.8
AEVO,1710336600000,0.0001,0.1,0.0001,0.01,33277079.3,11287630.42309,-2.383,163,Aevo,293416637.4952014,335461003.29,1000000000.0,1000000000.0,874666905.003767,125333094.99623299,0.875,0.875,3.63
VANRY,1710351000000,1e-05,1.0,0.0001,1.0,85281393,7278009.37454,-4.769,296,Vanar Chain,134669207.73019704,199712516.98,2400000000.0,1762751040.0,1618356743.1807923,144394296.81920767,0.918,0.674,3.78
BOME,1710592200000,1e-06,1.0,1e-06,1.0,9144592105,57482298.101327,-2.438,131,BOOK OF MEME,432360239.7352896,432360239.74,68961761802.06815,68961761802.06815,68961761802.06815,0.0,1.0,1.0,3.94
ETHFI,1710775800000,0.0001,0.1,0.001,0.1,27570616.3,39251721.07041,-4.565,179,ether.fi,266913670.30412284,1404428080.19,1000000000.0,1000000000.0,190051505.0,809948495.0,0.19,0.19,3.94
ENA,1712061000000,0.0001,1.0,0.0001,0.01,441260847,128939914.19,-9.265,80,Ethena,784396249.4799172,4283392488.63,15000000000.0,15000000000.0,2746875000.0,12253125000.0,0.183,0.183,4.23
W,1712158200000,0.0001,0.1,0.0001,0.1,359252387.9,125892796.99356,-0.606,74,Wormhole,888910552.9176929,3448231732.49,10000000000.0,10000000000.0,2577873594.0,7422126406.0,0.258,0.258,3.82
TNSR,1712595600000,0.0001,0.1,0.0001,0.1,23079840.1,8173084.77945,-4.877,573,Tensor,43645351.662921876,349162813.3,1000000000.0,1000000000.0,125000000.0,875000000.0,0.125,0.125,4.11
SAGA,1712658600000,0.0001,0.1,0.0001,0.1,90070943.1,218876069.28795,2.436,189,Saga,250937113.96295992,2517089973.83,1036536372.0,1036536372.0,103335776.0,933200596.0,0.1,0.1,5.08
TAO,1712845800000,0.01,0.001,0.1,0.0001,382707.552,220976894.96,-2.979,23,Bittensor,4146258725.7836666,11796801007.55,21000000.0,7380936.0,7380936.0,0.0,1.0,0.351,4.22
OMNI,1713362400000,0.001,0.01,0.01,0.01,2932634.72,25558205.2676,2.475,421,Omni Network,79427887.40543388,867723174.97,100000000.0,100000000.0,9153597.56384718,90846402.43615282,0.092,0.092,3.81
REZ,1714485600000,1e-05,1.0,1e-05,0.1,547022184,21451987.79598,-2.991,487,Renzo,62505072.33206875,382225396.75,10000000000.0,10000000000.0,1635293543.11,8364706456.89,0.164,0.164,4.25
BB,1715603400000,0.0001,1.0,0.0001,0.1,52416729,16062096.1935,-2.586,283,BounceBit,140416111.9678307,640448370.74,2100000000.0,2100000000.0,460417808.2191781,1639582191.7808218,0.219,0.219,4.07
NOT,1715868000000,1e-06,1.0,1e-06,1.0,14269632815,105251056.224616,-4.19,86,Notcoin,739194551.5536892,739194551.55,102474422538.6429,102474422538.6429,102474422538.6429,0.0,1.0,1.0,3.78
TURBO,1717083000000,1e-07,1.0,1e-06,1.0,6836765864,35396223.2111794,-3.769,215,Turbo,329426066.9376104,352463926.48,69000000000.0,69000000000.0,64490000000.0,4510000000.0,0.935,0.935,5.23
IO,1718114400000,0.001,0.1,0.001,0.01,24237891.5,43095144.5508643,-1.79,197,io.net,210965658.8655616,1403083957.57,800000000.0,800000000.0,120286834.0,679713166.0,0.15,0.15,4.49
ZK,1718622000000,1e-05,1.0,0.0001,0.1,199994169,25468694.81415,-3.427,122,ZKsync,456596827.0454981,2609124725.97,21000000000.0,21000000000.0,3675000000.0,17325000000.0,0.175,0.175,3.72
LISTA,1718886600000,0.0001,1.0,0.0001,0.1,23548710,7884610.7736,-2.268,497,Lista DAO,60254907.32144927,332086589.1,1000000000.0,1000000000.0,181443362.35978487,818556637.6402152,0.181,0.181,4.38
ZRO,1718893800000,0.0001,0.1,0.001,0.01,13399962.3,55706253.4461736,-3.941,126,LayerZero,450746762.81046003,4097697843.73,1000000000.0,1000000000.0,110000000.0,890000000.0,0.11,0.11,3.94
RENDER,1721988000000,0.001,0.1,0.001,0.01,6241964.7,34685322.6668,-4.954,31,Render,2810166921.319911,2890289195.48,532450804.73549163,532450804.73549163,517690631.4554916,14760173.280000031,0.972,0.972,3.8
BANANA,1723687200000,0.001,0.1,0.01,0.001,679061.9,30333513.8265,-4.314,272,Banana Gun,152005856.36424214,442590174.67,10000000.0,8453821.54248147,3434460.70573119,5019360.836750281,0.406,0.343,4.13
RARE,1723726800000,0.0001,1.0,0.0001,0.1,159100919,18400400.1449,-2.213,409,SuperRare,82539018.10697009,114933074.54,1000000000.0,1000000000.0,718148526.3226111,281851473.6773889,0.718,0.718,5.52
G,1723725000000,1e-05,1.0,1e-05,1.0,97171033,3291284.09712,-1.315,190,Gravity,244679936.22537714,405956175.82,12000000000.0,12000000000.0,7232700004.57,4767299995.43,0.603,0.603,2.87
SYN,1723811400000,0.0001,1.0,0.0001,0.1,61017797,27986416.7075,-2.434,400,Synapse,83655664.3743746,112132136.1,250000000.0,213214580.87726527,186511350.0951801,26703230.78208518,0.875,0.746,4.19
SYS,1724070600000,0.0001,1.0,0.0001,1.0,30659756,2940378.847,-3.262,435,Syscoin,75157486.5674221,75157486.57,792569632.8647343,792569632.8647343,792569632.8647343,0.0,1.0,1.0,4.17
VOXEL,1724149800000,0.0001,1.0,0.0001,0.1,23298149,3597039.1981,-1.785,667,Voxies,30741596.931117337,46113113.8,300000000.0,300000000.0,199996884.182715,100003115.817285,0.667,0.667,4.24
ALPACA,1724322600000,1e-05,1.0,0.0001,0.1,65707620,10427016.76491,2.675,751,Alpaca Finance,23946670.37117993,29838338.46,188000000.0,150878844.52800325,150878844.52800325,0.0,1.0,0.803,4.13
SUN,1724331900000,1e-06,1.0,1e-05,1.0,2024355431,37946008.181349,-0.786,241,Sun (New),187686747.23165223,375325374.54,19900730000.0,19900730000.0,9951640722.0,9949089278.0,0.5,0.5,4.74
VIDT,1724405400000,1e-05,1.0,1e-05,1.0,6874038085,241378656.63027,-17.624,691,VIDT DAO,28856433.19482392,34258241.42,1000000000.0,1000000000.0,842320913.0,157679087.0,0.842,0.842,5.04
NULS,1724661000000,0.0001,1.0,0.0001,1.0,9834998,3085571.4412,-1.507,633,NULS,34518369.285432175,65856913.77,210000000.0,129137425.6207472,110069803.3882654,19067622.232481793,0.852,0.524,3.74
DOGS,1724675400000,1e-07,1.0,1e-07,1.0,229477528198,157827662.3272645,-1.954,150,DOGS,346818354.1684008,369134194.08,550000000000.0,550000000000.0,516750000000.0,33250000000.0,0.94,0.94,4.66
MBOX,1724837400000,0.0001,1.0,0.0001,0.1,28050872,3758549.5858,-2.206,537,MOBOX,52391065.019392446,73244176.63,550322467.0,549660883.0,393641945.0,156018938.0,0.716,0.715,3.21
CHESS,1724916600000,0.0001,1.0,0.0001,0.1,29348354,3934281.8591,-2.626,753,Tranchess,23350359.987200174,40148873.03,300000000.0,300000000.0,174478322.0,125521678.0,0.582,0.582,3.34
FLUX,1725346800000,0.0001,1.0,0.0001,0.01,12820039,7158358.5052,1.777,229,Flux,207143740.22668546,244575156.69,440000000.0,440000000.0,372659459.4991484,67340540.50085157,0.847,0.847,3.16
BSW,1725516000000,1e-05,1.0,0.0001,0.1,41472173,2472448.79973,-0.752,673,Biswap,30315596.295816243,41532910.82,700000000.0,638245958.0,510942214.0,127303744.0,0.801,0.73,2.83
QUICK,1725598800000,1e-05,1.0,1e-05,1.0,82359374,2943198.15152,-2.858,700,QuickSwap [Old],28343263.567571808,38272762.27,1000000.0,998255.69909081,740559.65354273,257696.04554808,0.742,0.741,3.59
RPL,1725885000000,0.001,0.1,0.01,0.01,482515.1,4900680.0804,-2.108,198,Rocket Pool,208767342.99086368,208767342.99,20753856.81328839,20753856.81328839,20753856.81328839,0.0,1.0,1.0,3.07
AERGO,1725970500000,0.0001,1.0,0.0001,1.0,51351384,5129507.209,-0.1,561,Aergo,46611408.1536809,50119793.95,500000000.0,500000000.0,464999997.7689212,35000002.2310788,0.93,0.93,3.24
POL,1726229700000,0.0001,1.0,0.0001,0.1,34828168,13267660.1096,-1.558,29,POL (ex-MATIC),2866874062.918557,3891287966.03,10264044459.817537,10264044459.817537,7561949436.629134,2702095023.188403,0.737,0.737,2.12
NEIRO,1726486200000,1e-07,1.0,1e-08,1.0,483910701139,482455672.18196255,-7.909,209,First Neiro On Ethereum,406069802.9947034,406217374.46,420690000000.0,420690000000.0,420537170894.95667,152829105.04333496,1.0,1.0,9.27
KDA,1726666200000,0.0001,1.0,0.001,0.01,9166292,4898968.56,-2.659,268,Kadena,154586766.20593977,528535536.09,1000000000.0,1000000000.0,292481310.43406,707518689.56594,0.292,0.292,3.75
FIDA,1726749000000,0.0001,1.0,0.0001,0.1,58569904,15468862.6395,-5.529,538,Solana Name Service,52064395.113747016,255429783.51,990912348.85088,990912348.85088,201978216.2622587,788934132.5886214,0.204,0.204,5.53
FIO,1726831800000,1e-05,1.0,1e-05,1.0,987031866,34425676.4241,-9.905,733,FIO Protocol,25576472.417773787,32243805.47,1000000000.0,839242769.7719939,793221272.9169307,46021496.8550632,0.945,0.793,5.96
CATI,1726831800000,0.0001,1.0,0.0001,0.1,687580698,376972836.9932,1.569,280,Catizen,145096066.13374466,517411307.76,1000000000.0,1000000000.0,280426933.0,719573067.0,0.28,0.28,5.8
GHST,1727096400000,0.001,1.0,0.001,0.1,3476212,3268231.935,-1.582,550,Aavegotchi,49115120.6053284,49115122.0,52747802.71425598,52747802.71425598,52747801.21406849,1.5001874938607216,1.0,1.0,3.79
LOKA,1727177400000,0.0001,1.0,0.0001,0.1,13685952,2678175.9133,-2.147,640,League of Kingdoms Arena,34129052.86362354,95774555.31,500000000.0,214362474.7829091,178173904.08582994,36188570.69707915,0.831,0.356,3.57
